[
  {
    "index": 1,
    "title": "安装或更新Chrome 浏览器",
    "text_blocks": [
      "插件依赖桌面版\nChrome\n浏览器。请确认您使用的是最新版，以便顺利开启开发者模式并加载扩展。",
      "操作步骤：",
      "·\n访问\nGoogle\n官方下载站：\nhttps://www.google.cn/chrome/",
      "·\n下载后按照系统提示完成安装；若已安装，请进入\n设置\n>\n关于\nChrome\n检查并更新到最新版本。",
      "·\n国内网络环境若无法访问，\n可从各大应用商店或者软件站下载安装包\n。"
    ],
    "images": []
  },
  {
    "index": 2,
    "title": "2开启Chrome 开发者模式",
    "text_blocks": [
      "要加载本地扩展，必须先打开\nChrome\n扩展管理界面的开发者模式。",
      "建议操作：",
      "·\n在地址栏输入\nchrome://extensions/\n并按回车。",
      "·\n在页面右上角找到\n“\n开发者模式\n”\n开关，将其打开。",
      "·\n若看不到开关，可通过\n菜单\n>\n更多工具\n>\n扩展程序\n打开同一页面。",
      "打开开发者模式后，页面右上角会显示\n“加载已解压的扩展程序” 按钮，这就是后续导入插件的入口。"
    ],
    "images": []
  },
  {
    "index": 3,
    "title": "3导入并启用插件",
    "text_blocks": [
      "从压缩包中解压到电脑本地，随后通过扩展程序页面加载。",
      "导入步骤：",
      "·\n将下载得到的\naifa-extension.zip\n解压到一个易于记忆的位置，例如桌面或文档目录。",
      "·\n在\nchrome://extensions/\n页面点击\n“\n加载已解压的扩展程序\n”\n。",
      "·\n在弹出的文件夹选择窗口中，指定刚解压的\naifa-extension\n文件夹，然后确认。",
      "·\n导入完成后，确保扩展卡片右下角的开关处于开启状态。"
    ],
    "images": []
  },
  {
    "index": 4,
    "title": "4验证安装效果",
    "text_blocks": [
      "完成导入后，请按以下方法验证扩展是否已正确启用。",
      "检查要点：",
      "·\nChrome\n地址栏右侧出现\n“AIFA\n发布助手\n”\n图标，点击后能看到版本号与快捷说明。",
      "若以上未通过，请重新检查开发者模式是否开启、扩展开关是否打开，或通过浏览器右上角扩展图标选择\n“管理扩展程序”重新加载。"
    ],
    "images": []
  }
]